img,img_alt,name,description,,,,,,,,,,,,,,,,,,,,,,,,,,,,,,,,,,,,,,,,,,,,,,,,,,,,,,
http://i5.walmartimages.ca/images/Thumbnails/785/655/999999-27045785655.jpg,Sunbeam 12-Cup Switch Coffeemaker - BVSB12B-33A Black,Sunbeam 12-Cup Switch Coffeemaker - BVSB12B-33A,Black,,,,,,,,,,,,,,,,,,,,,,,,,,,,,,,,,,,,,,,,,,,,,,,,,,,,,,
http://i5.walmartimages.ca/images/Thumbnails/_83/159/83159.jpg,Smartgrind® Coffee Grinder,Smartgrind® Coffee Grinder,Smartgrind® Coffee Grinder,,,,,,,,,,,,,,,,,,,,,,,,,,,,,,,,,,,,,,,,,,,,,,,,,,,,,,
http://i5.walmartimages.ca/images/Thumbnails/794/272/794272.jpg,Sunbeam Stainless Steel 12- Cup Programmable Coffee Maker - BVSBCM0001-033,Sunbeam Stainless Steel 12- Cup Programmable Coffee Maker - BVSBCM0001-033,Silver metallic,,,,,,,,,,,,,,,,,,,,,,,,,,,,,,,,,,,,,,,,,,,,,,,,,,,,,,
http://i5.walmartimages.ca/images/Thumbnails/124/458/124458.jpg,Salton® 1-cup space saving coffeemaker,Salton® 1-cup space saving coffeemaker,Black,,,,,,,,,,,,,,,,,,,,,,,,,,,,,,,,,,,,,,,,,,,,,,,,,,,,,,
http://i5.walmartimages.ca/images/Thumbnails/316/290/1316290.jpg,Black & Decker 12-Cup Programmable Coffeemaker- CM1050WD White,Black & Decker 12-Cup Programmable Coffeemaker- CM1050WD,White,,,,,,,,,,,,,,,,,,,,,,,,,,,,,,,,,,,,,,,,,,,,,,,,,,,,,,
http://i5.walmartimages.ca/images/Thumbnails/794/374/999999-27045794374.jpg,Sunbeam 5-Cup Programmable Coffeemaker with Stainless Steel Carafe,Sunbeam 5-Cup Programmable Coffeemaker with Stainless Steel Carafe,"Black, BVSBJWX9-033",,,,,,,,,,,,,,,,,,,,,,,,,,,,,,,,,,,,,,,,,,,,,,,,,,,,,,
http://i5.walmartimages.ca/images/Thumbnails/067/102/999999-76753067102.jpg,Bialetti 1 L French Press,Bialetti 1 L French Press,Black,,,,,,,,,,,,,,,,,,,,,,,,,,,,,,,,,,,,,,,,,,,,,,,,,,,,,,
http://i5.walmartimages.ca/images/Thumbnails/233/886/999999-72179233886.jpg,Martello 0.8L water tank Stilista Primeo- BVMTEMSP400B-033 White,Martello 0.8L water tank Stilista Primeo- BVMTEMSP400B-033,Black,,,,,,,,,,,,,,,,,,,,,,,,,,,,,,,,,,,,,,,,,,,,,,,,,,,,,,
http://i5.walmartimages.ca/images/Thumbnails/436/035/999999-22333436035.jpg,Proctor Silex 12 -Cup Coffee Maker - 43603,Proctor Silex 12 -Cup Coffee Maker - 43603,Red,,,,,,,,,,,,,,,,,,,,,,,,,,,,,,,,,,,,,,,,,,,,,,,,,,,,,,
http://i5.walmartimages.ca/images/Thumbnails/259/317/1259317.jpg,Café Cup,Café Cup,"Reusable Single Cup Pod! Fill with your favourite brand of coffee, close lid, and insert in brewer, brew and enjoy!",,,,,,,,,,,,,,,,,,,,,,,,,,,,,,,,,,,,,,,,,,,,,,,,,,,,,,
http://i5.walmartimages.ca/images/Thumbnails/085/414/999999-63209085414.jpg,"Tim Hortons Single Serve Coffee Cups, 30 Variety Pack","Tim Hortons Single Serve Coffee Cups, 30 Variety Pack","6 Dark Roast, 18 Original Blend, 6 Decaf",,,,,,,,,,,,,,,,,,,,,,,,,,,,,,,,,,,,,,,,,,,,,,,,,,,,,,
http://i5.walmartimages.ca/images/Thumbnails/292/254/1292254.jpg,Black & Decker 12- Cup Single-Serve Coffeemaker- CM618C,Black & Decker 12- Cup Single-Serve Coffeemaker- CM618C,Black,,,,,,,,,,,,,,,,,,,,,,,,,,,,,,,,,,,,,,,,,,,,,,,,,,,,,,
http://i5.walmartimages.ca/images/Thumbnails/588/907/588907.jpg,Make 1 Manual Coffee Maker,Make 1 Manual Coffee Maker,Make 1 Manual Coffee Maker with Permanent Filter,,,,,,,,,,,,,,,,,,,,,,,,,,,,,,,,,,,,,,,,,,,,,,,,,,,,,,
http://i5.walmartimages.ca/images/Thumbnails/735/830/999999-61124735830.jpg,Keurig K50 Coffeemaker,Keurig K50 Coffeemaker,"50-35830, Black",,,,,,,,,,,,,,,,,,,,,,,,,,,,,,,,,,,,,,,,,,,,,,,,,,,,,,
http://i5.walmartimages.ca/images/Thumbnails/543/323/999999-622356543323.jpg,Ninja® Coffee Bar™ Brewer,Ninja® Coffee Bar™ Brewer,Black/Silver,,,,,,,,,,,,,,,,,,,,,,,,,,,,,,,,,,,,,,,,,,,,,,,,,,,,,,
http://i5.walmartimages.ca/images/Thumbnails/408/1_1/999999-62235654081_1.jpg,Ninja Coffee Bar™ Brewer,Ninja Coffee Bar™ Brewer,Black,,,,,,,,,,,,,,,,,,,,,,,,,,,,,,,,,,,,,,,,,,,,,,,,,,,,,,
http://i5.walmartimages.ca/images/Thumbnails/_31/452/31452.jpg,Sunbeam 5-Cup Switch Coffee Maker- BVSBTF6-033,Sunbeam 5-Cup Switch Coffee Maker- BVSBTF6-033,White,,,,,,,,,,,,,,,,,,,,,,,,,,,,,,,,,,,,,,,,,,,,,,,,,,,,,,
http://i5.walmartimages.ca/images/Thumbnails/028/200/999999-623287028200.jpg,"Betty Crocker™ Coffee, Spice and Herb Grinder","Betty Crocker™ Coffee, Spice and Herb Grinder",Stainless steel grinding blade,,,,,,,,,,,,,,,,,,,,,,,,,,,,,,,,,,,,,,,,,,,,,,,,,,,,,,
http://i5.walmartimages.ca/images/Thumbnails/910/862/999999-825225910862.jpg,"Bosch Tassimo T47+ Multi Beverage Maker, Single Cup Home Brewing System","Bosch Tassimo T47+ Multi Beverage Maker, Single Cup Home Brewing System",Black,,,,,,,,,,,,,,,,,,,,,,,,,,,,,,,,,,,,,,,,,,,,,,,,,,,,,,
http://i5.walmartimages.ca/images/Thumbnails/735/748/999999-61124735748.jpg,Keurig Red K200 Plus Brewer,Keurig Red K200 Plus Brewer,40oz. Water Reservoir,,,,,,,,,,,,,,,,,,,,,,,,,,,,,,,,,,,,,,,,,,,,,,,,,,,,,,
http://i5.walmartimages.ca/images/Thumbnails/358/317/999999-62151358317.jpg,Keurig Hot K50 Bundle Pack Single Serve Coffee Maker,Keurig Hot K50 Bundle Pack Single Serve Coffee Maker,"Black, 5035831",,,,,,,,,,,,,,,,,,,,,,,,,,,,,,,,,,,,,,,,,,,,,,,,,,,,,,
"data:image/gif;base64,R0lGODlhAQABAIAAAAAAAP///yH5BAEAAAAALAAAAAABAAEAAAIBRAA7",EZ Way 1-5 Cup Oval Filter Permanent Coffee Filter - 106,EZ Way 1-5 Cup Oval Filter Permanent Coffee Filter - 106,Black Gold 720,,,,,,,,,,,,,,,,,,,,,,,,,,,,,,,,,,,,,,,,,,,,,,,,,,,,,,
"data:image/gif;base64,R0lGODlhAQABAIAAAAAAAP///yH5BAEAAAAALAAAAAABAAEAAAIBRAA7","re-fiL-ter Reuseable Coffee Filters, 5 Pack","re-fiL-ter Reuseable Coffee Filters, 5 Pack",Reusable single serve filter,,,,,,,,,,,,,,,,,,,,,,,,,,,,,,,,,,,,,,,,,,,,,,,,,,,,,,
"data:image/gif;base64,R0lGODlhAQABAIAAAAAAAP///yH5BAEAAAAALAAAAAABAAEAAAIBRAA7",Hamilton Beach Flexbrew Coffeemaker with Tim's Bonus Pack,Hamilton Beach Flexbrew Coffeemaker with Tim's Bonus Pack,Black,,,,,,,,,,,,,,,,,,,,,,,,,,,,,,,,,,,,,,,,,,,,,,,,,,,,,,
"data:image/gif;base64,R0lGODlhAQABAIAAAAAAAP///yH5BAEAAAAALAAAAAABAAEAAAIBRAA7",Sunbeam 1-4 Cups Steam Espresso Maker- BVSBECM160-033,Sunbeam 1-4 Cups Steam Espresso Maker- BVSBECM160-033,Silver metallic,,,,,,,,,,,,,,,,,,,,,,,,,,,,,,,,,,,,,,,,,,,,,,,,,,,,,,
"data:image/gif;base64,R0lGODlhAQABAIAAAAAAAP///yH5BAEAAAAALAAAAAABAAEAAAIBRAA7",Ninja Coffee Bar Glass Carafe System,Ninja Coffee Bar Glass Carafe System,Ninja Coffee Bar System is a pod-free single serve and carafe coffee system with built in frother.,,,,,,,,,,,,,,,,,,,,,,,,,,,,,,,,,,,,,,,,,,,,,,,,,,,,,,
"data:image/gif;base64,R0lGODlhAQABAIAAAAAAAP///yH5BAEAAAAALAAAAAABAAEAAAIBRAA7",Ninja Coffee Bar Single-Serve System,Ninja Coffee Bar Single-Serve System,Ninja Coffee Bar System is a pod-free single serve system with built-in frother,,,,,,,,,,,,,,,,,,,,,,,,,,,,,,,,,,,,,,,,,,,,,,,,,,,,,,
"data:image/gif;base64,R0lGODlhAQABAIAAAAAAAP///yH5BAEAAAAALAAAAAABAAEAAAIBRAA7",Trudeau Maison Coffee Press with Chrome Plate Lid,Trudeau Maison Coffee Press with Chrome Plate Lid,Press and enjoy a tasty coffee with this quality Coffee Press by Trudeau Maison.,,,,,,,,,,,,,,,,,,,,,,,,,,,,,,,,,,,,,,,,,,,,,,,,,,,,,,
http://i5.walmartimages.ca/images/Thumbnails/001/090/999999-8006363001090.jpg,Bialetti® 1L French Press Coffee Maker,Bialetti® 1L French Press Coffee Maker,"The French press provides the simplest way of making quality, traditional coffee",,,,,,,,,,,,,,,,,,,,,,,,,,,,,,,,,,,,,,,,,,,,,,,,,,,,,,
http://i5.walmartimages.ca/images/Thumbnails/511/455/999999-4897030511455.jpg,Farberware 12 Cup Programmable Coffee Maker,Farberware 12 Cup Programmable Coffee Maker,"Stainless Steel, CM4295",,,,,,,,,,,,,,,,,,,,,,,,,,,,,,,,,,,,,,,,,,,,,,,,,,,,,,
http://i5.walmartimages.ca/images/Thumbnails/456/846/999999-34264456846.jpg,Oster® 12-Cup Programmable Coffee Maker,Oster® 12-Cup Programmable Coffee Maker,Delay Brew sets brewing time in advance,,,,,,,,,,,,,,,,,,,,,,,,,,,,,,,,,,,,,,,,,,,,,,,,,,,,,,
http://i5.walmartimages.ca/images/Thumbnails/456/839/999999-34264456839.jpg,Oster® 12-Cup Programmable Coffee Maker,Oster® 12-Cup Programmable Coffee Maker,Delay Brew sets brewing time in advance,,,,,,,,,,,,,,,,,,,,,,,,,,,,,,,,,,,,,,,,,,,,,,,,,,,,,,
http://i5.walmartimages.ca/images/Thumbnails/475/755/999999-34264475755.jpg,Oster® 12-Cup Programmable Coffee Maker,Oster® 12-Cup Programmable Coffee Maker,Delay Brew sets brewing time in advance,,,,,,,,,,,,,,,,,,,,,,,,,,,,,,,,,,,,,,,,,,,,,,,,,,,,,,
http://i5.walmartimages.ca/images/Thumbnails/058/324/1058324.jpg,Sunbeam 5-Cup Coffee Maker - BVSBCGX9-033,Sunbeam 5-Cup Coffee Maker - BVSBCGX9-033,Black,,,,,,,,,,,,,,,,,,,,,,,,,,,,,,,,,,,,,,,,,,,,,,,,,,,,,,
http://i5.walmartimages.ca/images/Thumbnails/080/778/6000187080778.jpg,Hamilton Beach 12- Cup 2-way FlexBrew Coffee Maker- 49985C,Hamilton Beach 12- Cup 2-way FlexBrew Coffee Maker- 49985C,205 Black,,,,,,,,,,,,,,,,,,,,,,,,,,,,,,,,,,,,,,,,,,,,,,,,,,,,,,
http://i5.walmartimages.ca/images/Thumbnails/090/369/1090369.jpg,Hamilton Beach 42-Cup Coffee Urn -C40515,Hamilton Beach 42-Cup Coffee Urn -C40515,Silver metallic,,,,,,,,,,,,,,,,,,,,,,,,,,,,,,,,,,,,,,,,,,,,,,,,,,,,,,
http://i5.walmartimages.ca/images/Thumbnails/509/692/1509692.jpg,Oster 10- Cup Thermal Carafe Programmable Coffee Maker,Oster 10- Cup Thermal Carafe Programmable Coffee Maker,"Silver metallic, BVSTPSTX91-033",,,,,,,,,,,,,,,,,,,,,,,,,,,,,,,,,,,,,,,,,,,,,,,,,,,,,,
http://i5.walmartimages.ca/images/Thumbnails/142/345/999999-829486142345.jpg,Bella Linea 12-Cup Programmable Coffee Maker - 14199 Teal,Bella Linea 12-Cup Programmable Coffee Maker - 14199,Green,,,,,,,,,,,,,,,,,,,,,,,,,,,,,,,,,,,,,,,,,,,,,,,,,,,,,,
http://i5.walmartimages.ca/images/Thumbnails/463/264/999999-34264463264.jpg,Oster 10-Cup Inspire Optimal Brew Thermal Coffee Maker - BVSTPSTX97-033,Oster 10-Cup Inspire Optimal Brew Thermal Coffee Maker - BVSTPSTX97-033,Stainless Steel,,,,,,,,,,,,,,,,,,,,,,,,,,,,,,,,,,,,,,,,,,,,,,,,,,,,,,
http://i5.walmartimages.ca/images/Thumbnails/b-p/rd5/999999-CM2035B-prd5.jpg,BLACK + DECKER Silver Thermal Coffee Maker,BLACK + DECKER Silver Thermal Coffee Maker,"Large Capacity, Vacuum Insulated Thermal Carafe",,,,,,,,,,,,,,,,,,,,,,,,,,,,,,,,,,,,,,,,,,,,,,,,,,,,,,
http://i5.walmartimages.ca/images/Thumbnails/001/274/999999-8006363001274.jpg,Bialetti 6-Cup Moka Express Coffee Maker,Bialetti 6-Cup Moka Express Coffee Maker,Red,,,,,,,,,,,,,,,,,,,,,,,,,,,,,,,,,,,,,,,,,,,,,,,,,,,,,,
http://i5.walmartimages.ca/images/Thumbnails/124/644/999999-741393124644.jpg,Today by Primula 8-Cup Coffee Press,Today by Primula 8-Cup Coffee Press,Black,,,,,,,,,,,,,,,,,,,,,,,,,,,,,,,,,,,,,,,,,,,,,,,,,,,,,,
http://i5.walmartimages.ca/images/Thumbnails/431/799/999999-34264431799.jpg,Oster 12-Cup Stainless Steel Programmable Coffee Maker - BVSTCJ0031-33A,Oster 12-Cup Stainless Steel Programmable Coffee Maker - BVSTCJ0031-33A,Stainless Steel,,,,,,,,,,,,,,,,,,,,,,,,,,,,,,,,,,,,,,,,,,,,,,,,,,,,,,
http://i5.walmartimages.ca/images/Thumbnails/037/884/999999-82846037884.jpg,Russell Hobbs 10-Cup Coffee Maker -CM0001SC,Russell Hobbs 10-Cup Coffee Maker -CM0001SC,Stainless Steel,,,,,,,,,,,,,,,,,,,,,,,,,,,,,,,,,,,,,,,,,,,,,,,,,,,,,,
http://i5.walmartimages.ca/images/Thumbnails/car/afe/999999-Coffee%20Carafe.jpg,Medelco Universal Replacement Coffee Carafe,Medelco Universal Replacement Coffee Carafe,12 Cups,,,,,,,,,,,,,,,,,,,,,,,,,,,,,,,,,,,,,,,,,,,,,,,,,,,,,,
http://i5.walmartimages.ca/images/Thumbnails/911/639/999999-40094911639.jpg,Hamilton Beach 60-Cup Coffee Urn - D50065C,Hamilton Beach 60-Cup Coffee Urn - D50065C,Chrome,,,,,,,,,,,,,,,,,,,,,,,,,,,,,,,,,,,,,,,,,,,,,,,,,,,,,,
http://i5.walmartimages.ca/images/Thumbnails/067/652/999999-76753067652.jpg,Bialetti Cold Brew Coffee Maker,Bialetti Cold Brew Coffee Maker,Black,,,,,,,,,,,,,,,,,,,,,,,,,,,,,,,,,,,,,,,,,,,,,,,,,,,,,,
"data:image/gif;base64,R0lGODlhAQABAIAAAAAAAP///yH5BAEAAAAALAAAAAABAAEAAAIBRAA7",Kalorik 12-Cup Programmable Stainless Steel Coffee Maker -CM 25282 SS,Kalorik 12-Cup Programmable Stainless Steel Coffee Maker -CM 25282 SS,Silver metallic,,,,,,,,,,,,,,,,,,,,,,,,,,,,,,,,,,,,,,,,,,,,,,,,,,,,,,
"data:image/gif;base64,R0lGODlhAQABAIAAAAAAAP///yH5BAEAAAAALAAAAAABAAEAAAIBRAA7",Sunbeam 12- Cup Programmable Coffee Maker - BVSBJWX27-033,Sunbeam 12- Cup Programmable Coffee Maker - BVSBJWX27-033,Silver metallic,,,,,,,,,,,,,,,,,,,,,,,,,,,,,,,,,,,,,,,,,,,,,,,,,,,,,,
"data:image/gif;base64,R0lGODlhAQABAIAAAAAAAP///yH5BAEAAAAALAAAAAABAAEAAAIBRAA7",Cool Kitchen Pro 30-Cup Coffee Maker- ORWMECKCM68,Cool Kitchen Pro 30-Cup Coffee Maker- ORWMECKCM68,Silver metallic,,,,,,,,,,,,,,,,,,,,,,,,,,,,,,,,,,,,,,,,,,,,,,,,,,,,,,
"data:image/gif;base64,R0lGODlhAQABAIAAAAAAAP///yH5BAEAAAAALAAAAAABAAEAAAIBRAA7",Frigidaire Professional® 12-Cup Drip Coffee Maker,Frigidaire Professional® 12-Cup Drip Coffee Maker,Stainless Steel,,,,,,,,,,,,,,,,,,,,,,,,,,,,,,,,,,,,,,,,,,,,,,,,,,,,,,
"data:image/gif;base64,R0lGODlhAQABAIAAAAAAAP///yH5BAEAAAAALAAAAAABAAEAAAIBRAA7",Sunbeam 12-Cup Programmable Coffee Maker 6964-33,Sunbeam 12-Cup Programmable Coffee Maker 6964-33,White,,,,,,,,,,,,,,,,,,,,,,,,,,,,,,,,,,,,,,,,,,,,,,,,,,,,,,
"data:image/gif;base64,R0lGODlhAQABAIAAAAAAAP///yH5BAEAAAAALAAAAAABAAEAAAIBRAA7",Black & Decker 12-Cup Mill & Brew Coffee Maker,Black & Decker 12-Cup Mill & Brew Coffee Maker,Black/Silver,,,,,,,,,,,,,,,,,,,,,,,,,,,,,,,,,,,,,,,,,,,,,,,,,,,,,,
"data:image/gif;base64,R0lGODlhAQABAIAAAAAAAP///yH5BAEAAAAALAAAAAABAAEAAAIBRAA7",Hamilton Beach 12-Cup BrewStation Summit Coffeemaker- 48463C,Hamilton Beach 12-Cup BrewStation Summit Coffeemaker- 48463C,Black Gold 720,,,,,,,,,,,,,,,,,,,,,,,,,,,,,,,,,,,,,,,,,,,,,,,,,,,,,,
http://i5.walmartimages.ca/images/Thumbnails/798/914/999999-27045798914.jpg,Sunbeam 12-Cup Programmable Coffeemaker Copper,Sunbeam 12-Cup Programmable Coffeemaker,Delay Brew sets brewing time in advance,,,,,,,,,,,,,,,,,,,,,,,,,,,,,,,,,,,,,,,,,,,,,,,,,,,,,,
http://i5.walmartimages.ca/images/Thumbnails/407/927/999999-40094407927.jpg,Hamilton Beach 30 oz Espresso Maker,Hamilton Beach 30 oz Espresso Maker,"Thermo-block technology, 40792",,,,,,,,,,,,,,,,,,,,,,,,,,,,,,,,,,,,,,,,,,,,,,,,,,,,,,
http://i5.walmartimages.ca/images/Thumbnails/453/009/999999-40094453009.jpg,Hamilton Beach Trucount 12 Cup Coffeemaker,Hamilton Beach Trucount 12 Cup Coffeemaker,12 Cup Coffeemaker,,,,,,,,,,,,,,,,,,,,,,,,,,,,,,,,,,,,,,,,,,,,,,,,,,,,,,
http://i5.walmartimages.ca/images/Thumbnails/735/746/999999-61124735746.jpg,Keurig K200 Plus Brewer,Keurig K200 Plus Brewer,"50-55746, Black",,,,,,,,,,,,,,,,,,,,,,,,,,,,,,,,,,,,,,,,,,,,,,,,,,,,,,
http://i5.walmartimages.ca/images/Thumbnails/916/949/999999-825225916949.jpg,"Bosch Tassimo T12 Multi Beverage Maker, Single Cup Home Brewing System","Bosch Tassimo T12 Multi Beverage Maker, Single Cup Home Brewing System",Black,,,,,,,,,,,,,,,,,,,,,,,,,,,,,,,,,,,,,,,,,,,,,,,,,,,,,,
http://i5.walmartimages.ca/images/Thumbnails/735/756/999999-61124735756.jpg,Keurig Red K425 Plus Brewer,Keurig Red K425 Plus Brewer,70oz. Water Reservoir,,,,,,,,,,,,,,,,,,,,,,,,,,,,,,,,,,,,,,,,,,,,,,,,,,,,,,
,,› Edit,,,,,,,,,,,,,,,,,,,,,,,,,,,,,,,,,,,,,,,,,,,,,,,,,,,,,,,
,,Grocery PickUp; Top 20 Toys; Gifting; Heating; Back to Main Menu,,,,,,,,,,,,,,,,,,,,,,,,,,,,,,,,,,,,,,,,,,,,,,,,,,,,,,,
http://i5.walmartimages.ca/images/Thumbnails/028/200/999999-623287028200.jpg,"Betty Crocker™ Coffee, Spice and Herb Grinder; http://i5.walmartimages.ca/images/Thumbnails/_83/159/83159.jpg",Hamilton Beach Custom Coffee Grinder; http://i5.walmartimages.ca/images/Thumbnails/975/375/999999-623287975375.jpg,Proctor Silex Coffee Grinder; http://i5.walmartimages.ca/images/Thumbnails/494/498/1494498.jpg,Oster Burr Mill with Hopper BVSTBMH23-033; http://i5.walmartimages.ca/images/Thumbnails/400/149/999999-786818400149.jpg,Espressione Conical Burr Coffee Grinder; http://i5.walmartimages.ca/images/Thumbnails/108/012/999999-061283108012.jpg,"Salton Coffee, Spice and Herb Grinder; http://i5.walmartimages.ca/images/Thumbnails/001/927/999999-680474001927.jpg",Country Living Grain Mill Power Bar; http://i5.walmartimages.ca/images/Thumbnails/617/500/6000187617500.jpg,Great Value Classic Roast Ground Coffee; http://i5.walmartimages.ca/images/Thumbnails/050/923/999999-00066188050923.jpg,Maxwell House Tin Original Roast Ground Coffee; http://i5.walmartimages.ca/images/Thumbnails/_29/027/29027.jpg,Folgers Classic Roast Ground Coffee; http://i5.walmartimages.ca/images/Thumbnails/003/110/999999-66188003110.jpg,McCafé Coffee-Ground Premium Roast; http://i5.walmartimages.ca/images/Thumbnails/025/090/999999-63209025090.jpg,Tim Hortons Fine Grind Coffee; http://i5.walmartimages.ca/images/Thumbnails/_64/802/64802.jpg,Lavazza Rossa Ground Espresso Coffee; http://i5.walmartimages.ca/images/Thumbnails/112/029/999999-74471112029.jpg,Medaglia D'Oro Espresso Ground Coffee; http://i5.walmartimages.ca/images/Thumbnails/067/667/999999-25500067667.jpg,Folgers French Vanilla Flavoured Coffee,http://www.walmart.ca/en/ip/betty-crocker-coffee-spice-and-herb-grinder/6000196093841; http://www.walmart.ca/en/ip/smartgrind-coffee-grinder/6000002969836; http://www.walmart.ca/en/ip/hamilton-beach-custom-coffee-grinder/6000187073917; http://www.walmart.ca/en/ip/rival-coffee-grinder/6000187835763; http://www.walmart.ca/en/ip/proctor-silex-coffee-grinder/6000196009066; http://www.walmart.ca/en/ip/oster-burr-mill-with-hopper-bvstbmh23-033/6000147252827; http://www.walmart.ca/en/ip/espressione-conical-burr-coffee-grinder/6000195543203; http://www.walmart.ca/en/ip/salton-coffee-spice-and-herb-grinder/6000196078836; http://www.walmart.ca/en/ip/country-living-grain-mill-power-bar/6000189653132; http://www.walmart.ca/en/ip/great-value-classic-roast-ground-coffee/6000187054003; http://www.walmart.ca/en/ip/maxwell-house-tin-original-roast-ground-coffee/6000016951078; http://www.walmart.ca/en/ip/folgers-classic-roast-ground-coffee/6000016949483; http://www.walmart.ca/en/ip/mccaf-coffee-ground-premium-roast/6000188475471; http://www.walmart.ca/en/ip/tim-hortons-fine-grind-coffee/6000187769640; http://www.walmart.ca/en/ip/lavazza-rossa-ground-espresso-coffee/6000146303781; http://www.walmart.ca/en/ip/medaglia-doro-espresso-ground-coffee/6000188765017; http://www.walmart.ca/en/ip/folgers-french-vanilla-flavoured-coffee/6000001846717,"Betty Crocker™ Coffee, Spice and Herb Grinder; Smartgrind® Coffee Grinder; Hamilton Beach Custom Coffee Grinder; Rival Coffee Grinder; Proctor Silex Coffee Grinder; Oster Burr Mill with Hopper BVSTBMH23-033; Espressione Conical Burr Coffee Grinder; Salton Coffee, Spice and Herb Grinder; Country Living Grain Mill Power Bar; Great Value Classic Roast Ground Coffee; Maxwell House Tin Original Roast Ground Coffee; Folgers Classic Roast Ground Coffee; McCafé Coffee-Ground Premium Roast; Tim Hortons Fine Grind Coffee; Lavazza Rossa Ground Espresso Coffee; Medaglia D'Oro Espresso Ground Coffee; Folgers French Vanilla Flavoured Coffee",http://www.walmart.ca/en/ip/betty-crocker-coffee-spice-and-herb-grinder/6000196093841; http://www.walmart.ca/en/ip/smartgrind-coffee-grinder/6000002969836; http://www.walmart.ca/en/ip/hamilton-beach-custom-coffee-grinder/6000187073917; http://www.walmart.ca/en/ip/rival-coffee-grinder/6000187835763; http://www.walmart.ca/en/ip/proctor-silex-coffee-grinder/6000196009066; http://www.walmart.ca/en/ip/oster-burr-mill-with-hopper-bvstbmh23-033/6000147252827; http://www.walmart.ca/en/ip/espressione-conical-burr-coffee-grinder/6000195543203; http://www.walmart.ca/en/ip/salton-coffee-spice-and-herb-grinder/6000196078836; http://www.walmart.ca/en/ip/country-living-grain-mill-power-bar/6000189653132; http://www.walmart.ca/en/ip/great-value-classic-roast-ground-coffee/6000187054003; http://www.walmart.ca/en/ip/maxwell-house-tin-original-roast-ground-coffee/6000016951078; http://www.walmart.ca/en/ip/folgers-classic-roast-ground-coffee/6000016949483; http://www.walmart.ca/en/ip/mccaf-coffee-ground-premium-roast/6000188475471; http://www.walmart.ca/en/ip/tim-hortons-fine-grind-coffee/6000187769640; http://www.walmart.ca/en/ip/lavazza-rossa-ground-espresso-coffee/6000146303781; http://www.walmart.ca/en/ip/medaglia-doro-espresso-ground-coffee/6000188765017; http://www.walmart.ca/en/ip/folgers-french-vanilla-flavoured-coffee/6000001846717,,,,,,,,,,,,,,,,,,,,,,,,,,,,,,,,,,,,,,,
,,Shop departments,,,,,,,,,,,,,,,,,,,,,,,,,,,,,,,,,,,,,,,,,,,,,,,,,,,,,,,
,,Flyers,,,,,,,,,,,,,,,,,,,,,,,,,,,,,,,,,,,,,,,,,,,,,,,,,,,,,,,
,,Store finder,,,,,,,,,,,,,,,,,,,,,,,,,,,,,,,,,,,,,,,,,,,,,,,,,,,,,,,
,,Sign in,,,,,,,,,,,,,,,,,,,,,,,,,,,,,,,,,,,,,,,,,,,,,,,,,,,,,,,
,,Lists,,,,,,,,,,,,,,,,,,,,,,,,,,,,,,,,,,,,,,,,,,,,,,,,,,,,,,,
,,Registries,,,,,,,,,,,,,,,,,,,,,,,,,,,,,,,,,,,,,,,,,,,,,,,,,,,,,,,
http://i5.walmartimages.ca/images/Thumbnails/_83/159/83159.jpg,Smartgrind® Coffee Grinder,Smartgrind® Coffee Grinder,Smartgrind® Coffee Grinder,,,,,,,,,,,,,,,,,,,,,,,,,,,,,,,,,,,,,,,,,,,,,,,,,,,,,,
http://i5.walmartimages.ca/images/Thumbnails/028/200/999999-623287028200.jpg,"Betty Crocker™ Coffee, Spice and Herb Grinder","Betty Crocker™ Coffee, Spice and Herb Grinder",Stainless steel grinding blade,,,,,,,,,,,,,,,,,,,,,,,,,,,,,,,,,,,,,,,,,,,,,,,,,,,,,,
http://i5.walmartimages.ca/images/Thumbnails/077/947/6000187077947.jpg,Hamilton Beach Custom Coffee Grinder,Hamilton Beach Custom Coffee Grinder,Hamiilton Beach Custom Coffee Grinder,,,,,,,,,,,,,,,,,,,,,,,,,,,,,,,,,,,,,,,,,,,,,,,,,,,,,,
http://i5.walmartimages.ca/images/Thumbnails/975/375/999999-623287975375.jpg,Rival Coffee Grinder,Rival Coffee Grinder,Coffee Grinder,,,,,,,,,,,,,,,,,,,,,,,,,,,,,,,,,,,,,,,,,,,,,,,,,,,,,,
http://i5.walmartimages.ca/images/Thumbnails/272/182/31272182.jpg,Proctor Silex Coffee Grinder,Proctor Silex Coffee Grinder,Black,,,,,,,,,,,,,,,,,,,,,,,,,,,,,,,,,,,,,,,,,,,,,,,,,,,,,,
http://i5.walmartimages.ca/images/Thumbnails/400/149/999999-786818400149.jpg,Espressione Conical Burr Coffee Grinder,Espressione Conical Burr Coffee Grinder,Black/Silver,,,,,,,,,,,,,,,,,,,,,,,,,,,,,,,,,,,,,,,,,,,,,,,,,,,,,,
http://i5.walmartimages.ca/images/Thumbnails/108/012/999999-061283108012.jpg,"Salton Coffee, Spice and Herb Grinder","Salton Coffee, Spice and Herb Grinder",Silver,,,,,,,,,,,,,,,,,,,,,,,,,,,,,,,,,,,,,,,,,,,,,,,,,,,,,,
http://i5.walmartimages.ca/images/Thumbnails/494/498/1494498.jpg,Oster Burr Mill with Hopper BVSTBMH23-033,Oster Burr Mill with Hopper BVSTBMH23-033,"Perfect for your favourite coffee beans, create fresh ground coffee right in your own home.",,,,,,,,,,,,,,,,,,,,,,,,,,,,,,,,,,,,,,,,,,,,,,,,,,,,,,
http://i5.walmartimages.ca/images/Thumbnails/001/927/999999-680474001927.jpg,Country Living Grain Mill Power Bar,Country Living Grain Mill Power Bar,The Country Living Grain Mill Power Bar reduces grinding efforts by 40% by adding valuable extra leverage,,,,,,,,,,,,,,,,,,,,,,,,,,,,,,,,,,,,,,,,,,,,,,,,,,,,,,
http://i5.walmartimages.ca/images/Thumbnails/216/355/999999-883049216355.jpg,KitchenAid® Coffee Grinder,KitchenAid® Coffee Grinder,Black,,,,,,,,,,,,,,,,,,,,,,,,,,,,,,,,,,,,,,,,,,,,,,,,,,,,,,
,,› Edit,,,,,,,,,,,,,,,,,,,,,,,,,,,,,,,,,,,,,,,,,,,,,,,,,,,,,,,
,,Grocery PickUp; Top 20 Toys; Gifting; Heating; Back to Main Menu,,,,,,,,,,,,,,,,,,,,,,,,,,,,,,,,,,,,,,,,,,,,,,,,,,,,,,,
http://i5.walmartimages.ca/images/Thumbnails/231/367/1231367.jpg,Salton® Cordless Electric Jug Kettle; http://i5.walmartimages.ca/images/Thumbnails/468/702/999999-34264468702.jpg,Black & Decker Kettle; http://i5.walmartimages.ca/images/Thumbnails/752/725/999999-27045752725.jpg,T-fal Aprecia Mini Kettle; http://i5.walmartimages.ca/images/Thumbnails/494/510/1494510.jpg,Sunbeam Hot Shot 16oz Water Dispenser 6170-33; http://i5.walmartimages.ca/images/Thumbnails/374/399/1374399.jpg,Rival 1-litre Kettle; http://i5.walmartimages.ca/images/Thumbnails/408/658/999999-40094408658.jpg,Hamilton Beach 1.7-Litre Glass Kettle; http://i5.walmartimages.ca/images/Thumbnails/231/367/1231367.jpg,Salton® Cordless Electric Jug Kettle; http://i5.walmartimages.ca/images/Thumbnails/468/702/999999-34264468702.jpg,"Oster 1.7L Illuminating Stainless Steel Kettle, Candy Apple Red; http://i5.walmartimages.ca/images/Thumbnails/288/8_2/999999-50875812888_2.jpg",Black & Decker Kettle; http://i5.walmartimages.ca/images/Thumbnails/058/332/1058332.jpg,Sunbeam 1.7 Litre Electric Kettle White; http://i5.walmartimages.ca/images/Thumbnails/296/232/1296232.jpg,T-fal Aprecia Mini Kettle; http://i5.walmartimages.ca/images/Thumbnails/494/510/1494510.jpg,Sunbeam Hot Shot 16oz Water Dispenser 6170-33; http://i5.walmartimages.ca/images/Thumbnails/374/399/1374399.jpg,Rival 1-litre Kettle; http://i5.walmartimages.ca/images/Thumbnails/408/658/999999-40094408658.jpg,Hamilton Beach 1.7-Litre Glass Kettle; http://i5.walmartimages.ca/images/Thumbnails/794/168/794168.jpg,Black & Decker Programmable Digital Kettle; http://i5.walmartimages.ca/images/Thumbnails/843/270/843270.jpg,"Salton® cordless electric jug kettle White; data:image/gif;base64,R0lGODlhAQABAIAAAAAAAP///yH5BAEAAAAALAAAAAABAAEAAAIBRAA7","Hamilton Beach 1.7 L Adjustable Temperature Cordless Kettle White; data:image/gif;base64,R0lGODlhAQABAIAAAAAAAP///yH5BAEAAAAALAAAAAABAAEAAAIBRAA7","Sunbeam 1.7L Cordless Kettle White; data:image/gif;base64,R0lGODlhAQABAIAAAAAAAP///yH5BAEAAAAALAAAAAABAAEAAAIBRAA7",Sunbeam 1.7L Cordless Kettle Black; http://i5.walmartimages.ca/images/Thumbnails/462/106/999999-34264462106.jpg,Oster Illuminating Glass Kettle - 1.7 L; http://i5.walmartimages.ca/images/Thumbnails/494/481/1494481.jpg,Oster 1.7L Ceramic Kettle BVSTKTC02-033; http://i5.walmartimages.ca/images/Thumbnails/143/038/999999-829486143038.jpg,BELLA Linea 1.7 L Electric Kettle Teal; http://i5.walmartimages.ca/images/Thumbnails/016/306/1016306.jpg,"hometrends Whistling Kettle, 1.7 L; http://i5.walmartimages.ca/images/Thumbnails/005/739/999999-67638005739.jpg",Danby 1.7L Cordless Kettle; http://i5.walmartimages.ca/images/Thumbnails/408/948/999999-40094408948.jpg,Hamilton Beach 1.7 Dome Electric Kettle; http://i5.walmartimages.ca/images/Thumbnails/106/490/999999-061283106490.jpg,Salton 1 L Electric Kettle; http://i5.walmartimages.ca/images/Thumbnails/408/931/999999-40094408931.jpg,Hamilton Beach® 1.7 L Stainless Steel Electric Kettle; http://i5.walmartimages.ca/images/Thumbnails/408/801/999999-40094408801.jpg,Hamilton Beach 1.7 L Electric Kettle; http://i5.walmartimages.ca/images/Thumbnails/016/303/1016303.jpg,"hometrends Whistling Kettle, 1.9 L; http://i5.walmartimages.ca/images/Thumbnails/491/123/1491123.jpg","Josef Strauss Symphony Whistling kettle Red; data:image/gif;base64,R0lGODlhAQABAIAAAAAAAP///yH5BAEAAAAALAAAAAABAAEAAAIBRAA7","Toastess Cordless Electric Jug Kettle 1.7 Litres; data:image/gif;base64,R0lGODlhAQABAIAAAAAAAP///yH5BAEAAAAALAAAAAABAAEAAAIBRAA7","Dualit Cordless Jug Kettle; data:image/gif;base64,R0lGODlhAQABAIAAAAAAAP///yH5BAEAAAAALAAAAAABAAEAAAIBRAA7","Kalorik Stainless Steel Jug Kettle; data:image/gif;base64,R0lGODlhAQABAIAAAAAAAP///yH5BAEAAAAALAAAAAABAAEAAAIBRAA7","Oster Variable Temperature Kettle, 1.7 L - Stainless Steel; data:image/gif;base64,R0lGODlhAQABAIAAAAAAAP///yH5BAEAAAAALAAAAAABAAEAAAIBRAA7","Black & Decker 2-Litre Corded Kettle; data:image/gif;base64,R0lGODlhAQABAIAAAAAAAP///yH5BAEAAAAALAAAAAABAAEAAAIBRAA7","Russell Hobbs 1.8 L Stainless Steel Kettle; data:image/gif;base64,R0lGODlhAQABAIAAAAAAAP///yH5BAEAAAAALAAAAAABAAEAAAIBRAA7",Cool kitchen Stainless Steel Cordless Kettle; http://i5.walmartimages.ca/images/Thumbnails/491/121/1491121.jpg,"Cool Kitchen cordless Kettle 1,8L; http://i5.walmartimages.ca/images/Thumbnails/301/267/1301267.jpg",Oster 360° Cordless Stainless Steel Jug-Style Kettle 5964W-033; http://i5.walmartimages.ca/images/Thumbnails/362/9_8/39639-FPKT58D7NS_-_023169_13629_8.jpg,Frigidaire Professional® Programmable Kettle; http://i5.walmartimages.ca/images/Thumbnails/729/552/999999-619743729552.jpg,Dualit Design Series Kettle; http://i5.walmartimages.ca/images/Thumbnails/579/7_1/999999-785830035797_1.jpg,Tiger Electric 5 L Water Dispenser; http://i5.walmartimages.ca/images/Thumbnails/021/899/999999-785830021899.jpg,Tiger 2.2 L Electric Water Heater; http://i5.walmartimages.ca/images/Thumbnails/477/834/999999-34264477834.jpg,"Oster 1.7L Stainless Steel Kettle, Black BVSTKT665-033; http://i5.walmartimages.ca/images/Thumbnails/846/033/846033.jpg",Proctor Silex® 1.7 L 360° Cordless Kettle White; http://i5.walmartimages.ca/images/Thumbnails/tli/ne)/999999-PVW-B30U%20CU%20(Outline).jpg,Tiger Electric 3 L Water Dispenser 3 L (VE); http://i5.walmartimages.ca/images/Thumbnails/577/3_1/999999-785830035773_1.jpg,Tiger Electric 3 L Water Dispenser; http://i5.walmartimages.ca/images/Thumbnails/578/0_1/999999-785830035780_1.jpg,Tiger Electric 4 L Water Dispenser; http://i5.walmartimages.ca/images/Thumbnails/000/120/999999-874376000120.jpg,TOVOLO TEA INFUSER Purple; http://i5.walmartimages.ca/images/Thumbnails/108/227/999999-061283108227.jpg,Salton VitaPro Kettle & Tea Steeper; http://i5.walmartimages.ca/images/Thumbnails/_83/176/83176.jpg,Black & Decker 1.7 L Brushed Stainless Steel Cordless Kettle; http://i5.walmartimages.ca/images/Thumbnails/252/011/999999-885170252011.jpg,Panasonic Hot Water Dispenser; http://i5.walmartimages.ca/images/Thumbnails/145/476/999999-829486145476.jpg,Bella 1.2 L Ceramic Kettle,http://www.walmart.ca/en/ip/salton-cordless-electric-jug-kettle/6000075688824; http://www.walmart.ca/en/ip/oster-17l-illuminating-stainless-steel-kettle-candy-apple-red/933802; http://www.walmart.ca/en/ip/black-decker-kettle/6000188922928; http://www.walmart.ca/en/ip/sunbeam-17-litre-electric-kettle-black/6000047894382; http://www.walmart.ca/en/ip/t-fal-aprecia-mini-kettle/6000115423949; http://www.walmart.ca/en/ip/sunbeam-hot-shot-16oz-water-dispenser-6170-33/6000147252793; http://www.walmart.ca/en/ip/rival-1-litre-kettle/6000145830588; http://www.walmart.ca/en/ip/hamilton-beach-17-litre-glass-kettle/6000187963797; http://www.walmart.ca/en/ip/salton-cordless-electric-jug-kettle/6000075688824; http://www.walmart.ca/en/ip/oster-17l-illuminating-stainless-steel-kettle-candy-apple-red/933802; http://www.walmart.ca/en/ip/black-decker-kettle/6000188922928; http://www.walmart.ca/en/ip/sunbeam-17-litre-electric-kettle-black/6000047894382; http://www.walmart.ca/en/ip/t-fal-aprecia-mini-kettle/6000115423949; http://www.walmart.ca/en/ip/sunbeam-hot-shot-16oz-water-dispenser-6170-33/6000147252793; http://www.walmart.ca/en/ip/rival-1-litre-kettle/6000145830588; http://www.walmart.ca/en/ip/hamilton-beach-17-litre-glass-kettle/6000187963797; http://www.walmart.ca/en/ip/black-decker-programmable-digital-kettle/6000016949330; http://www.walmart.ca/en/ip/salton-cordless-electric-jug-kettle-black/6000019636798; http://www.walmart.ca/en/ip/hamilton-beach-17-l-adjustable-temperature-cordless-kettle-black/6000196009057; http://www.walmart.ca/en/ip/sunbeam-17l-cordless-kettle-black/6000187967605; http://www.walmart.ca/en/ip/sunbeam-17l-cordless-kettle-copper/6000196193418; http://www.walmart.ca/en/ip/oster-illuminating-glass-kettle-17-l/6000194057543; http://www.walmart.ca/en/ip/oster-17l-ceramic-kettle-bvstktc02-033/6000147252816; http://www.walmart.ca/en/ip/bella-linea-17-l-electric-kettle-red/6000188869072; http://www.walmart.ca/en/ip/hometrends-whistling-kettle-17-l/6000130571161; http://www.walmart.ca/en/ip/danby-17l-cordless-kettle/6000196408202; http://www.walmart.ca/en/ip/hamilton-beach-17-dome-electric-kettle/6000187963794; http://www.walmart.ca/en/ip/salton-1-l-electric-kettle/6000187834197; http://www.walmart.ca/en/ip/hamilton-beach-17-l-stainless-steel-electric-kettle/6000012599528; http://www.walmart.ca/en/ip/hamilton-beach-17-l-electric-kettle/6000196080117; http://www.walmart.ca/en/ip/hometrends-whistling-kettle-19-l/6000130570918; http://www.walmart.ca/en/ip/josef-strauss-symphony-whistling-kettle-silver-metallic/6000146066969; http://www.walmart.ca/en/ip/toastess-cordless-electric-jug-kettle-17-litres/6000121499042; http://www.walmart.ca/en/ip/dualit-cordless-jug-kettle/6000195543236; http://www.walmart.ca/en/ip/kalorik-stainless-steel-jug-kettle/6000172496287; http://www.walmart.ca/en/ip/oster-variable-temperature-kettle-17-l-stainless-steel/6000194057531; http://www.walmart.ca/en/ip/black-decker-2-litre-corded-kettle/6000002968984; http://www.walmart.ca/en/ip/russell-hobbs-18-l-stainless-steel-kettle/6000087479387; http://www.walmart.ca/en/ip/cool-kitchen-stainless-steel-cordless-kettle/6000146067152; http://www.walmart.ca/en/ip/cool-kitchen-cordless-kettle-18l/6000146066968; http://www.walmart.ca/en/ip/oster-360-cordless-stainless-steel-jug-style-kettle-5964w-033/6000137024286; http://www.walmart.ca/en/ip/frigidaire-professional-programmable-kettle/879477; http://www.walmart.ca/en/ip/dualit-design-series-kettle/6000195543357; http://www.walmart.ca/en/ip/tiger-electric-5-l-water-dispenser/6000196484802; http://www.walmart.ca/en/ip/tiger-22-l-electric-water-heater/6000196484808; http://www.walmart.ca/en/ip/oster-17l-stainless-steel-kettle-black-bvstkt665-033/6000193173899; http://www.walmart.ca/en/ip/proctor-silex-17-l-360-cordless-kettle-white/6000006254936; http://www.walmart.ca/en/ip/tiger-electric-3-l-water-dispenser-3-l-ve/6000196484805; http://www.walmart.ca/en/ip/tiger-electric-3-l-water-dispenser/6000196484796; http://www.walmart.ca/en/ip/tiger-electric-4-l-water-dispenser/6000196484799; http://www.walmart.ca/en/ip/tovolo-tea-infuser-red/6000188558377; http://www.walmart.ca/en/ip/salton-vitapro-kettle-tea-steeper/6000187836877; http://www.walmart.ca/en/ip/black-decker-17-l-brushed-stainless-steel-cordless-kettle/6000002969936; http://www.walmart.ca/en/ip/panasonic-hot-water-dispenser/6000196128542; http://www.walmart.ca/en/ip/bella-12-l-ceramic-kettle/6000196184950,"Salton® Cordless Electric Jug Kettle; Oster 1.7L Illuminating Stainless Steel Kettle, Candy Apple Red; Black & Decker Kettle; Sunbeam 1.7 Litre Electric Kettle; T-fal Aprecia Mini Kettle; Sunbeam Hot Shot 16oz Water Dispenser 6170-33; Rival 1-litre Kettle; Hamilton Beach 1.7-Litre Glass Kettle; Salton® Cordless Electric Jug Kettle; Oster 1.7L Illuminating Stainless Steel Kettle, Candy Apple Red; Black & Decker Kettle; Sunbeam 1.7 Litre Electric Kettle; T-fal Aprecia Mini Kettle; Sunbeam Hot Shot 16oz Water Dispenser 6170-33; Rival 1-litre Kettle; Hamilton Beach 1.7-Litre Glass Kettle; Black & Decker Programmable Digital Kettle; Salton® cordless electric jug kettle; Hamilton Beach 1.7 L Adjustable Temperature Cordless Kettle; Sunbeam 1.7L Cordless Kettle; Sunbeam 1.7L Cordless Kettle; Oster Illuminating Glass Kettle - 1.7 L; Oster 1.7L Ceramic Kettle BVSTKTC02-033; BELLA Linea 1.7 L Electric Kettle; hometrends Whistling Kettle, 1.7 L; Danby 1.7L Cordless Kettle; Hamilton Beach 1.7 Dome Electric Kettle; Salton 1 L Electric Kettle; Hamilton Beach® 1.7 L Stainless Steel Electric Kettle; Hamilton Beach 1.7 L Electric Kettle; hometrends Whistling Kettle, 1.9 L; Josef Strauss Symphony Whistling kettle; Toastess Cordless Electric Jug Kettle 1.7 Litres; Dualit Cordless Jug Kettle; Kalorik Stainless Steel Jug Kettle; Oster Variable Temperature Kettle, 1.7 L - Stainless Steel; Black & Decker 2-Litre Corded Kettle; Russell Hobbs 1.8 L Stainless Steel Kettle; Cool kitchen Stainless Steel Cordless Kettle; Cool Kitchen cordless Kettle 1,8L; Oster 360° Cordless Stainless Steel Jug-Style Kettle 5964W-033; Frigidaire Professional® Programmable Kettle; Dualit Design Series Kettle; Tiger Electric 5 L Water Dispenser; Tiger 2.2 L Electric Water Heater; Oster 1.7L Stainless Steel Kettle, Black BVSTKT665-033; Proctor Silex® 1.7 L 360° Cordless Kettle; Tiger Electric 3 L Water Dispenser 3 L (VE); Tiger Electric 3 L Water Dispenser; Tiger Electric 4 L Water Dispenser; TOVOLO TEA INFUSER; Salton VitaPro Kettle & Tea Steeper; Black & Decker 1.7 L Brushed Stainless Steel Cordless Kettle; Panasonic Hot Water Dispenser; Bella 1.2 L Ceramic Kettle",http://www.walmart.ca/en/ip/salton-cordless-electric-jug-kettle/6000075688824; http://www.walmart.ca/en/ip/oster-17l-illuminating-stainless-steel-kettle-candy-apple-red/933802; http://www.walmart.ca/en/ip/black-decker-kettle/6000188922928; http://www.walmart.ca/en/ip/sunbeam-17-litre-electric-kettle-black/6000047894382; http://www.walmart.ca/en/ip/t-fal-aprecia-mini-kettle/6000115423949; http://www.walmart.ca/en/ip/sunbeam-hot-shot-16oz-water-dispenser-6170-33/6000147252793; http://www.walmart.ca/en/ip/rival-1-litre-kettle/6000145830588; http://www.walmart.ca/en/ip/hamilton-beach-17-litre-glass-kettle/6000187963797; http://www.walmart.ca/en/ip/salton-cordless-electric-jug-kettle/6000075688824; http://www.walmart.ca/en/ip/oster-17l-illuminating-stainless-steel-kettle-candy-apple-red/933802; http://www.walmart.ca/en/ip/black-decker-kettle/6000188922928; http://www.walmart.ca/en/ip/sunbeam-17-litre-electric-kettle-black/6000047894382; http://www.walmart.ca/en/ip/t-fal-aprecia-mini-kettle/6000115423949; http://www.walmart.ca/en/ip/sunbeam-hot-shot-16oz-water-dispenser-6170-33/6000147252793; http://www.walmart.ca/en/ip/rival-1-litre-kettle/6000145830588; http://www.walmart.ca/en/ip/hamilton-beach-17-litre-glass-kettle/6000187963797; http://www.walmart.ca/en/ip/black-decker-programmable-digital-kettle/6000016949330; http://www.walmart.ca/en/ip/salton-cordless-electric-jug-kettle-black/6000019636798; http://www.walmart.ca/en/ip/hamilton-beach-17-l-adjustable-temperature-cordless-kettle-black/6000196009057; http://www.walmart.ca/en/ip/sunbeam-17l-cordless-kettle-black/6000187967605; http://www.walmart.ca/en/ip/sunbeam-17l-cordless-kettle-copper/6000196193418; http://www.walmart.ca/en/ip/oster-illuminating-glass-kettle-17-l/6000194057543; http://www.walmart.ca/en/ip/oster-17l-ceramic-kettle-bvstktc02-033/6000147252816; http://www.walmart.ca/en/ip/bella-linea-17-l-electric-kettle-red/6000188869072; http://www.walmart.ca/en/ip/hometrends-whistling-kettle-17-l/6000130571161; http://www.walmart.ca/en/ip/danby-17l-cordless-kettle/6000196408202; http://www.walmart.ca/en/ip/hamilton-beach-17-dome-electric-kettle/6000187963794; http://www.walmart.ca/en/ip/salton-1-l-electric-kettle/6000187834197; http://www.walmart.ca/en/ip/hamilton-beach-17-l-stainless-steel-electric-kettle/6000012599528; http://www.walmart.ca/en/ip/hamilton-beach-17-l-electric-kettle/6000196080117; http://www.walmart.ca/en/ip/hometrends-whistling-kettle-19-l/6000130570918; http://www.walmart.ca/en/ip/josef-strauss-symphony-whistling-kettle-silver-metallic/6000146066969; http://www.walmart.ca/en/ip/toastess-cordless-electric-jug-kettle-17-litres/6000121499042; http://www.walmart.ca/en/ip/dualit-cordless-jug-kettle/6000195543236; http://www.walmart.ca/en/ip/kalorik-stainless-steel-jug-kettle/6000172496287; http://www.walmart.ca/en/ip/oster-variable-temperature-kettle-17-l-stainless-steel/6000194057531; http://www.walmart.ca/en/ip/black-decker-2-litre-corded-kettle/6000002968984; http://www.walmart.ca/en/ip/russell-hobbs-18-l-stainless-steel-kettle/6000087479387; http://www.walmart.ca/en/ip/cool-kitchen-stainless-steel-cordless-kettle/6000146067152; http://www.walmart.ca/en/ip/cool-kitchen-cordless-kettle-18l/6000146066968; http://www.walmart.ca/en/ip/oster-360-cordless-stainless-steel-jug-style-kettle-5964w-033/6000137024286; http://www.walmart.ca/en/ip/frigidaire-professional-programmable-kettle/879477; http://www.walmart.ca/en/ip/dualit-design-series-kettle/6000195543357; http://www.walmart.ca/en/ip/tiger-electric-5-l-water-dispenser/6000196484802; http://www.walmart.ca/en/ip/tiger-22-l-electric-water-heater/6000196484808; http://www.walmart.ca/en/ip/oster-17l-stainless-steel-kettle-black-bvstkt665-033/6000193173899; http://www.walmart.ca/en/ip/proctor-silex-17-l-360-cordless-kettle-white/6000006254936; http://www.walmart.ca/en/ip/tiger-electric-3-l-water-dispenser-3-l-ve/6000196484805; http://www.walmart.ca/en/ip/tiger-electric-3-l-water-dispenser/6000196484796; http://www.walmart.ca/en/ip/tiger-electric-4-l-water-dispenser/6000196484799; http://www.walmart.ca/en/ip/tovolo-tea-infuser-red/6000188558377; http://www.walmart.ca/en/ip/salton-vitapro-kettle-tea-steeper/6000187836877; http://www.walmart.ca/en/ip/black-decker-17-l-brushed-stainless-steel-cordless-kettle/6000002969936; http://www.walmart.ca/en/ip/panasonic-hot-water-dispenser/6000196128542; http://www.walmart.ca/en/ip/bella-12-l-ceramic-kettle/6000196184950,"Cordless Electric Jug Kettle 1.7 Litres/QuartsMost economical way to boil water.Faster than a microwave. Safer than a stove top; A large capacity kettle perfect for family use or entertaining guests.; Designed for simplicity.; 1500 Watts; T-fal Mini Kettle; Enjoy a perfectly boiled cup of hot water without having to wait for a large kettle to boil.; 1L compact and easy to use kettle; Hamilton Beach 1.7-Litre Glass Kettle; Enjoy hot beverages just the way you like with QuickTouch settings; 1.7 L Jug Kettle - White; White; Powerful and convenient, this kettle comes with all the reliability you would expect from a Sunbeam appliance.; Auto shut-off and boil dry protection; The Oster Illuminating Glass Kettle is the convenient and elegant counter top solution for boiling water to prepare hot tea, instant beverages and hot cereals.; This elegant ceramic kettle will make it the centerpiece of any counter top.; •1500 Watts for fast heat up time \n• 360° swivel power base\n• Easy to clean built-in limescale filter; Stainless Steel, Red; Stainless Steel, DKT17C2SSDB; Hamilton Beach 1.7 Dome Electric Kettle; White; Hamilton Beach® 1.7 L Stainless Steel Electric Kettle; Stainless Steel, 40880C; Stainless Steel; Whistling Red Kettle; Cordless Electric Jug Kettle 1.7 Litres; Chrome; Kettle; The Oster Variable Temperature Stainless Steel Kettle puts the kettle to the metal for fast, convenient hot water. Customize water temperature with variable temperature control to set to your personal preference.; Black & Decker 2-Litre Corded Kettle; 1.8 L Stainless Steel Kettle; Stainless Steel Cordless Kettle; Cordless Kettle; Packed with features that are built for your needs, boiling a perfect cup of water has never been simpler.; Water is quickly heated to your desired temperature, with the stylish Frigidaire Professional® Programmable Kettle.; Chrome; Non-stick inner container, PDU-A50U; PFU-G22U, Removable Lid; The Oster Black Stainless Steel Kettle puts the kettle to the metal for fast, convenient hot water. Ideal for tea, instant beverages and hot cereals.; ster than a microwave, safer than a stovetop kettle; Stainless steel, PVW-B30U; Non-stick inner container, PDU-A30U; Non-stick inner container, PDU-A40U; TEA INFUSER; Kettle & Tea Steeper; B&D 1.7L KETTLE; 3.0 Litre water capacity, NCEG3000; Electric kettle"
,,Shop departments,,,,,,,,,,,,,,,,,,,,,,,,,,,,,,,,,,,,,,,,,,,,,,,,,,,,,,,
,,Flyers,,,,,,,,,,,,,,,,,,,,,,,,,,,,,,,,,,,,,,,,,,,,,,,,,,,,,,,
,,Store finder,,,,,,,,,,,,,,,,,,,,,,,,,,,,,,,,,,,,,,,,,,,,,,,,,,,,,,,
,,Sign in,,,,,,,,,,,,,,,,,,,,,,,,,,,,,,,,,,,,,,,,,,,,,,,,,,,,,,,
,,Lists,,,,,,,,,,,,,,,,,,,,,,,,,,,,,,,,,,,,,,,,,,,,,,,,,,,,,,,
,,Registries,,,,,,,,,,,,,,,,,,,,,,,,,,,,,,,,,,,,,,,,,,,,,,,,,,,,,,,